especie,nombre,archivo,autor,licencia,licenciaUrl,paginaArchivo,archivoCommons,revisada
podiceps-nigricollis,Zampullín cuellinegro,podiceps-nigricollis-915509ac.webp,Stephan Sprinz,CC BY 4.0,https://creativecommons.org/licenses/by/4.0/,https://commons.wikimedia.org/wiki/File:Schwarzhalstaucher_(Podiceps_nigricollis)_im_NSG_Wagbachniederung_1.jpg,Schwarzhalstaucher (Podiceps nigricollis) im NSG Wagbachniederung 1.jpg,2026-09-29
egretta-garzetta,Garceta común,egretta-garzetta-5b5444ec.webp,El Golli Mohamed,CC BY-SA 4.0,https://creativecommons.org/licenses/by-sa/4.0/,https://commons.wikimedia.org/wiki/File:Aigrette_garzette_au_lac_sud_de_Tunis_(site_RAMSAR).jpg,Aigrette garzette au lac sud de Tunis (site RAMSAR).jpg,2026-09-29
ardea-cinerea,Garza real,ardea-cinerea-08246c77.webp,Alexis Lours,CC BY 4.0,https://creativecommons.org/licenses/by/4.0/,https://commons.wikimedia.org/wiki/File:Grey_heron_2022_04_03_03.jpg,Grey heron 2022 04 03 03.jpg,2026-09-29
ciconia-ciconia,Cigüeña blanca,ciconia-ciconia-05df9091.webp,Carlos Delgado,CC BY-SA 3.0,https://creativecommons.org/licenses/by-sa/3.0/,https://commons.wikimedia.org/wiki/File:Ciconia_ciconia_-_01.jpg,Ciconia ciconia - 01.jpg,2026-09-29
platalea-leucorodia,Espátula común,platalea-leucorodia-55eaf586.webp,Timothy A. Gonsalves,CC BY-SA 4.0,https://creativecommons.org/licenses/by-sa/4.0/,https://commons.wikimedia.org/wiki/File:Eurasian_Spoonbill_Walking_Ranganathittu_Karnataka_Jan24_A7C_09151.jpg,Eurasian Spoonbill Walking Ranganathittu Karnataka Jan24 A7C 09151.jpg,2026-09-29
phoenicopterus-roseus,Flamenco común,phoenicopterus-roseus-2e31b057.webp,Diego Delso,CC BY-SA 4.0,https://creativecommons.org/licenses/by-sa/4.0/,"https://commons.wikimedia.org/wiki/File:Flamenco_común_(Phoenicopterus_roseus),_Walvis_Bay,_Namibia,_2018-08-05,_DD_30.jpg","Flamenco común (Phoenicopterus roseus), Walvis Bay, Namibia, 2018-08-05, DD 30.jpg",2026-09-29
milvus-migrans,Milano negro,milvus-migrans-daaa0d8a.webp,Charles J. Sharp,CC BY-SA 4.0,https://creativecommons.org/licenses/by-sa/4.0/,https://commons.wikimedia.org/wiki/File:Black_kite_(Milvus_migrans_parasitus)_in_flight.jpg,Black kite (Milvus migrans parasitus) in flight.jpg,2026-09-29
milvus-milvus,Milano real,milvus-milvus-1d175fa0.webp,Reinhold Möller Ermell,CC BY-SA 4.0,https://creativecommons.org/licenses/by-sa/4.0/,https://commons.wikimedia.org/wiki/File:Rotmilan_(Milvus_milvus)_im_Flug-20250628-RM-155041.jpg,Rotmilan (Milvus milvus) im Flug-20250628-RM-155041.jpg,2026-09-29
circus-aeruginosus,Aguilucho lagunero occidental,circus-aeruginosus-27b0b875.webp,Stephan Sprinz,CC BY 4.0,https://creativecommons.org/licenses/by/4.0/,https://commons.wikimedia.org/wiki/File:Männliche_Rohrweihe_im_Flug_04.jpg,Männliche Rohrweihe im Flug 04.jpg,2026-09-29
pandion-haliaetus,Águila pescadora,pandion-haliaetus-c530494e.webp,El Golli Mohamed,CC BY-SA 4.0,https://creativecommons.org/licenses/by-sa/4.0/,https://commons.wikimedia.org/wiki/File:Balbuzard_pecheur_Lac_de_Tunis.jpg,Balbuzard pecheur Lac de Tunis.jpg,2026-09-29
himantopus-himantopus,Cigüeñuela común,himantopus-himantopus-f493fc99.webp,Ryzhkov Sergey,CC BY-SA 4.0,https://creativecommons.org/licenses/by-sa/4.0/,https://commons.wikimedia.org/wiki/File:Black-winged_stilt_courtship_behaviour.jpg,Black-winged stilt courtship behaviour.jpg,2026-09-29
recurvirostra-avosetta,Avoceta común,recurvirostra-avosetta-a8a69824.webp,El Golli Mohamed,CC BY-SA 4.0,https://creativecommons.org/licenses/by-sa/4.0/,https://commons.wikimedia.org/wiki/File:Avocette_élégante_Thyna022.jpg,Avocette élégante Thyna022.jpg,2026-09-29
charadrius-alexandrinus,Chorlitejo patinegro,charadrius-alexandrinus-825c0a4d.webp,Zeynel Cebeci,CC BY-SA 4.0,https://creativecommons.org/licenses/by-sa/4.0/,https://commons.wikimedia.org/wiki/File:Charadrius_alexandrinus_-_Kentish_Plover_03.jpg,Charadrius alexandrinus - Kentish Plover 03.jpg,2026-09-29
calidris-ferruginea,Correlimos zarapitín,calidris-ferruginea-65e64743.webp,El Golli Mohamed,CC BY-SA 4.0,https://creativecommons.org/licenses/by-sa/4.0/,https://commons.wikimedia.org/wiki/File:Curlew_sandpiper_at_Thyna.jpg,Curlew sandpiper at Thyna.jpg,2026-09-29
calidris-alpina,Correlimos común,calidris-alpina-957a6fd1.webp,Alexis Lours,CC BY 4.0,https://creativecommons.org/licenses/by/4.0/,https://commons.wikimedia.org/wiki/File:Dunlin_2024_04_01_01.jpg,Dunlin 2024 04 01 01.jpg,2026-09-29
limosa-limosa,Aguja colinegra,limosa-limosa-75189523.webp,Charles J. Sharp,CC BY-SA 4.0,https://creativecommons.org/licenses/by-sa/4.0/,https://commons.wikimedia.org/wiki/File:Black-tailed_godwit_(Limosa_limosa_limosa)_Sri_Lanka.jpg,Black-tailed godwit (Limosa limosa limosa) Sri Lanka.jpg,2026-09-29
limosa-lapponica,Aguja colipinta,limosa-lapponica-b94a5486.webp,Hobbyfotowiki,CC0,https://creativecommons.org/publicdomain/zero/1.0/,"https://commons.wikimedia.org/wiki/File:Limosa_lapponica_(Bar-tailed_godwit),_Heligoland.jpg","Limosa lapponica (Bar-tailed godwit), Heligoland.jpg",2026-09-29
numenius-phaeopus,Zarapito trinador,numenius-phaeopus-3f9e9c44.webp,Hobbyfotowiki,CC0,https://creativecommons.org/publicdomain/zero/1.0/,https://commons.wikimedia.org/wiki/File:Whimbrel_(Fuerteventura).jpg,Whimbrel (Fuerteventura).jpg,2026-09-29
numenius-arquata,Zarapito real,numenius-arquata-8d12c0ed.webp,Ken Billington,CC BY-SA 3.0,https://creativecommons.org/licenses/by-sa/3.0/,https://commons.wikimedia.org/wiki/File:Curlew_(Numenius_arquata)_(12).jpg,Curlew (Numenius arquata) (12).jpg,2026-09-29
actitis-hypoleucos,Andarríos chico,actitis-hypoleucos-54a16998.webp,Charles J. Sharp,CC BY-SA 4.0,https://creativecommons.org/licenses/by-sa/4.0/,https://commons.wikimedia.org/wiki/File:Common_sandpiper_(Actitis_hypoleucos)_Oppdal_2.jpg,Common sandpiper (Actitis hypoleucos) Oppdal 2.jpg,2026-09-29
arenaria-interpres,Vuelvepiedras común,arenaria-interpres-b89d687a.webp,Stephan Sprinz,CC BY 4.0,https://creativecommons.org/licenses/by/4.0/,https://commons.wikimedia.org/wiki/File:Steinw%C3%A4lzer_(Arenaria_interpres)_im_Schlichtkleid_am_Strand_von_Oostkapelle_01.jpg,Steinwälzer (Arenaria interpres) im Schlichtkleid am Strand von Oostkapelle 01.jpg,2026-09-29
larus-melanocephalus,Gaviota cabecinegra,larus-melanocephalus-698d115c.webp,Alexis Lours,CC BY 4.0,https://creativecommons.org/licenses/by/4.0/,https://commons.wikimedia.org/wiki/File:Mediterranean_gull_2025_06_14.jpg,Mediterranean gull 2025 06 14.jpg,2026-09-29
larus-audouinii,Gaviota de Audouin,larus-audouinii-719784e7.webp,Hobbyfotowiki,CC0,https://creativecommons.org/publicdomain/zero/1.0/,https://commons.wikimedia.org/wiki/File:Audouin%27s_gull_(Ichthyaetus_audouinii).jpg,Audouin's gull (Ichthyaetus audouinii).jpg,2026-09-29
larus-fuscus,Gaviota sombría,larus-fuscus-bfeb8d4a.webp,Fernando Losada Rodríguez,CC BY-SA 4.0,https://creativecommons.org/licenses/by-sa/4.0/,https://commons.wikimedia.org/wiki/File:Larus_fuscus.001_-_Bristol.jpg,Larus fuscus.001 - Bristol.jpg,2026-09-29
hydroprogne-caspia,Pagaza piquirroja,hydroprogne-caspia-d37eb2e2.webp,Charles J. Sharp,CC BY-SA 4.0,https://creativecommons.org/licenses/by-sa/4.0/,https://commons.wikimedia.org/wiki/File:Caspian_tern_(Hydroprogne_caspia)_non-breeding.jpg,Caspian tern (Hydroprogne caspia) non-breeding.jpg,2026-09-29
sterna-sandvicensis,Charrán patinegro,sterna-sandvicensis-7c9e15c5.webp,Charles J. Sharp,CC BY-SA 4.0,https://creativecommons.org/licenses/by-sa/4.0/,https://commons.wikimedia.org/wiki/File:Sandwich_tern_(Thalasseus_sandvicensis)_in_flight_4.jpg,Sandwich tern (Thalasseus sandvicensis) in flight 4.jpg,2026-09-29
sterna-hirundo,Charrán común,sterna-hirundo-fafdbe03.webp,Alexis Lours,CC BY 4.0,https://creativecommons.org/licenses/by/4.0/,https://commons.wikimedia.org/wiki/File:Common_Tern_2025_04.jpg,Common Tern 2025 04.jpg,2026-09-29
sternula-albifrons,Charrancito común,sternula-albifrons-59344d13.webp,El Golli Mohamed,CC BY-SA 4.0,https://creativecommons.org/licenses/by-sa/4.0/,https://commons.wikimedia.org/wiki/File:Sterne_naine013_lacdeTunis.jpg,Sterne naine013 lacdeTunis.jpg,2026-09-29
tyto-alba,Lechuza común,tyto-alba-a8314aa9.webp,Alun Williams333,CC BY-SA 4.0,https://creativecommons.org/licenses/by-sa/4.0/,https://commons.wikimedia.org/wiki/File:Tyto_alba_tylluan_wen.jpg,Tyto alba tylluan wen.jpg,2026-09-29
apus-apus,Vencejo común,apus-apus-adf03d86.webp,Alexis Lours,CC BY 4.0,https://creativecommons.org/licenses/by/4.0/,https://commons.wikimedia.org/wiki/File:Common_swift_2024_04_21.jpg,Common swift 2024 04 21.jpg,2026-09-29
hirundo-rustica,Golondrina común,hirundo-rustica-4f69f16f.webp,Andreas Eichler,CC BY-SA 3.0,https://creativecommons.org/licenses/by-sa/3.0/,https://commons.wikimedia.org/wiki/File:2013.06.23.-11-Wesenberg-Rauchschwalbe.jpg,2013.06.23.-11-Wesenberg-Rauchschwalbe.jpg,2026-09-29
delichon-urbicum,Avión común,delichon-urbicum-43afcff6.webp,christoph_moning,CC BY 4.0,https://creativecommons.org/licenses/by/4.0/,https://commons.wikimedia.org/wiki/File:House_Martin_by_christoph_moning.jpg,House Martin by christoph moning.jpg,2026-09-29
motacilla-flava,Lavandera boyera,motacilla-flava-4e00a087.webp,Stephan Sprinz,CC BY-SA 4.0,https://creativecommons.org/licenses/by-sa/4.0/,https://commons.wikimedia.org/wiki/File:Wiesenschafstelze_(Motacilla_flava_flava)_im_LSG_Bergstra%C3%9Fe-Nord_08.jpg,Wiesenschafstelze (Motacilla flava flava) im LSG Bergstraße-Nord 08.jpg,2026-09-29
motacilla-alba,Lavandera blanca,motacilla-alba-e8e23a17.webp,Zeynel Cebeci,CC BY-SA 4.0,https://creativecommons.org/licenses/by-sa/4.0/,"https://commons.wikimedia.org/wiki/File:Motacilla_alba_-_White_Wagtail,_Adana_2016-11-05_02-2.jpg","Motacilla alba - White Wagtail, Adana 2016-11-05 02-2.jpg",2026-09-29
erithacus-rubecula,Petirrojo europeo,erithacus-rubecula-3c0b33e2.webp,Francis C. Franklin,CC BY-SA 3.0,https://creativecommons.org/licenses/by-sa/3.0/,https://commons.wikimedia.org/wiki/File:Erithacus_rubecula_with_cocked_head.jpg,Erithacus rubecula with cocked head.jpg,2026-09-29
phoenicurus-ochruros,Colirrojo tizón,phoenicurus-ochruros-ab5a4256.webp,Ermell,CC BY-SA 4.0,https://creativecommons.org/licenses/by-sa/4.0/,https://commons.wikimedia.org/wiki/File:Seehof_Phoenicurus_ochruros_female_5264746.jpg,Seehof Phoenicurus ochruros female 5264746.jpg,2026-09-29
saxicola-rubicola,Tarabilla europea,saxicola-rubicola-a8401e97.webp,Fernando Losada Rodríguez,CC BY-SA 4.0,https://creativecommons.org/licenses/by-sa/4.0/,https://commons.wikimedia.org/wiki/File:Saxicola_rubicola.006_-_A_Coru%C3%B1a.jpg,Saxicola rubicola.006 - A Coruña.jpg,2026-09-29
turdus-merula,Mirlo común,turdus-merula-9505d596.webp,Andreas Trepte,CC BY-SA 2.5,https://creativecommons.org/licenses/by-sa/2.5/,https://commons.wikimedia.org/wiki/File:Common_Blackbird.jpg,Common Blackbird.jpg,2026-09-29
pica-pica,Urraca,pica-pica-58bc2790.webp,Alexis Lours,CC BY 4.0,https://creativecommons.org/licenses/by/4.0/,https://commons.wikimedia.org/wiki/File:Eurasian_magpie_2022_05_03.jpg,Eurasian magpie 2022 05 03.jpg,2026-09-29
sturnus-unicolor,Estornino negro,sturnus-unicolor-6ca7b562.webp,El Golli Mohamed,CC BY-SA 4.0,https://creativecommons.org/licenses/by-sa/4.0/,https://commons.wikimedia.org/wiki/File:%C3%89tourneau_unicolore_(Spotless_Starling)_Sturnus_unicolor_(Tunis-_Tunisia).jpg,Étourneau unicolore (Spotless Starling) Sturnus unicolor (Tunis- Tunisia).jpg,2026-09-29
